num_nodes,AntSystem,BranchBoundTSP,BruteForceTSP,NearestNeighbor
2,0.492906,0.00166113,0.000838867,0.0009333
3,1.33978,0.00364157,0.00227923,0.0017112
4,2.64749,0.0092764,0.00647227,0.00327647
5,4.67638,0.0276777,0.0230861,0.00542643
6,7.23652,0.0950847,0.102811,0.0080708
7,10.7968,0.353407,0.570992,0.0115917
8,15.2641,1.46638,3.96688,0.0166806
9,20.1978,6.50994,31.4524,0.0222056
10,28.2062,32.3811,299.313,0.0317111
